{
  "target_column": "normalized_performance",
  "target_transform": "log1p",
  "loss": "smoothl1",
  "split_name": "random",
  "seed": 42,
  "val_loss": 0.053500397775447774,
  "val_metrics": {
    "mae": 0.21629391610622406,
    "rmse": 0.3383021742448108,
    "r2": 0.6439913511276245,
    "spearman": 0.7941612347483789
  },
  "test_loss": 0.061188489761032104,
  "test_metrics": {
    "mae": 0.22934980690479279,
    "rmse": 0.3707470328211616,
    "r2": 0.5980857610702515,
    "spearman": 0.8029788189002232
  }
}