{
  "metric_to_rank": "val_spearman",
  "best_config": {
    "split_name": "random",
    "target_mode": "log1p_zscore",
    "loss": "mse",
    "batch_size": 64,
    "lr": 0.001,
    "dropout": 0.4,
    "hidden1": 512,
    "hidden2": 256,
    "val_loss_mean": 0.3678371747558037,
    "val_loss_std": 0.002418387540879391,
    "val_mae_mean": 0.3952604830265045,
    "val_mae_std": 0.008821461833875653,
    "val_rmse_mean": 0.6064941659418627,
    "val_rmse_std": 0.0019937423172072116,
    "val_r2_mean": 0.6491268277168274,
    "val_r2_std": 0.002306865606395274,
    "val_spearman_mean": 0.8060516296114075,
    "val_spearman_std": 0.006393223294570975,
    "test_loss_mean": 0.4475171705070302,
    "test_loss_std": 0.009453347289429492,
    "test_mae_mean": 0.4152013063430786,
    "test_mae_std": 0.010208514618369175,
    "test_rmse_mean": 0.6689485621109729,
    "test_rmse_std": 0.007065826130445466,
    "test_r2_mean": 0.5987350344657898,
    "test_r2_std": 0.008476321291419942,
    "test_spearman_mean": 0.8068234811304809,
    "test_spearman_std": 0.008723678433787768
  },
  "num_trials": 128,
  "num_unique_configs": 64
}