{
  "checkpoint": "models\\fusion_mlp_regression_final_seed42.pt",
  "results": [
    {
      "split": "random",
      "n_test": 891,
      "mae": 0.22100676596164703,
      "rmse": 0.3623136740338603,
      "r2": 0.6161624193191528,
      "kendall": 0.6126421766511024,
      "spearman": 0.8160915527723747
    },
    {
      "split": "channel",
      "n_test": 973,
      "mae": 0.10005293041467667,
      "rmse": 0.18279887662157376,
      "r2": 0.8925759196281433,
      "kendall": 0.7634333471857089,
      "spearman": 0.9158878090870411
    },
    {
      "split": "time",
      "n_test": 513,
      "mae": 0.052708107978105545,
      "rmse": 0.09550196565388892,
      "r2": 0.4560691714286804,
      "kendall": 0.2362739685680519,
      "spearman": 0.34128148935902664
    }
  ]
}