rank,feature,mean_abs_shap
1,num_faces,0.33966445769101483
2,emotion_neutral,0.20252029958792264
3,ocr_char_count,0.19282716660839014
4,emotion_sad,0.18999855082220166
5,emotion_happy,0.184735958580859
6,emotion_fear,0.13931795033349773
7,emotion_angry,0.11672526666734484
8,ocr_word_count,0.07009551891150637
9,cnn_embedding_1967,0.05980752039799882
10,cnn_embedding_1536,0.05409139501850859
