rank,feature,mean_abs_shap
1,ocr_char_count,0.1333277536053174
2,cnn_embedding_183,0.021160800132074088
3,ocr_word_count,0.01854065332585151
4,cnn_embedding_154,0.017287317315850714
5,cnn_embedding_309,0.01613422846538697
6,cnn_embedding_097,0.015044237340100608
7,cnn_embedding_274,0.01409926931283394
8,cnn_embedding_479,0.01339858965715166
9,cnn_embedding_464,0.01333963982075943
10,cnn_embedding_204,0.013331717641750628
