rank,feature,mean_abs_shap
1,emotion_sad,0.057803783915005624
2,emotion_neutral,0.05329645889287349
3,emotion_happy,0.043077683832962066
4,emotion_fear,0.038345193079294404
5,num_faces,0.03541871482957504
6,emotion_angry,0.031209718817990506
7,ocr_char_count,0.028590485701556645
