rank,feature,mean_abs_shap
1,ocr_char_count,0.13332775390190363
2,cnn_embedding_183,0.021160799816070153
3,ocr_word_count,0.018540652398991143
4,cnn_embedding_154,0.01728731724733734
5,cnn_embedding_309,0.016134228439449318
6,cnn_embedding_097,0.015044237473492216
7,cnn_embedding_274,0.014099269265184945
8,cnn_embedding_479,0.013398589018429163
9,cnn_embedding_464,0.013339639994478602
10,cnn_embedding_204,0.013331718019807681
